,URL_ID,URL,POSITIVE SCORE,NEGATIVE SCORE,POLARITY SCORE,SUBJECTIVITY SCORE,SENTIMENT,AVERAGE SENTENCE LENGTH,PERCENTAGE OF COMPLEX WORDS,FOG INDEX,AVERAGE NUMBER OF WORDS PER SENTENCE,COMPLEX WORD COUNT,WORD COUNT,SYLLABLE PER WORD,PERSONAL PRONOUNS,AVERAGE WORD LENGTH
0,100,https://insights.blackcoffer.com/estimating-the-impact-of-covid-19-on-the-world-of-work-3/,17,33,-0.31999999360000014,0.0628930816818955,-0.02012578616352201,13.032786885245901,0.30566037735849055,5.3353789050417575,13.032786885245901,243,795,2.0830188679245283,3,6.09937106918239
1,101,https://insights.blackcoffer.com/travel-and-tourism-outlook/,4,3,0.1428571224489825,0.07865168450953164,0.011235955056179775,11.125,0.3146067415730337,4.575842696629214,11.125,28,89,2.033707865168539,2,5.752808988764045
2,102,https://insights.blackcoffer.com/gaming-disorder-and-effects-of-gaming-on-health/,28,44,-0.2222222191358025,0.12435233139144675,-0.027633851468048358,10.157894736842104,0.26770293609671847,4.170239069175529,10.157894736842104,155,579,1.9792746113989637,13,6.234887737478411
3,103,https://insights.blackcoffer.com/what-is-the-repercussion-of-the-environment-due-to-the-covid-19-pandemic-situation/,7,25,-0.5624999824218756,0.08672086697365619,-0.04878048780487805,11.181818181818182,0.2872628726287263,4.587632421778763,11.181818181818182,106,369,1.934959349593496,4,6.132791327913279
4,104,https://insights.blackcoffer.com/what-is-the-repercussion-of-the-environment-due-to-the-covid-19-pandemic-situation-2/,28,55,-0.32530120089998554,0.13474025952152555,-0.04383116883116883,12.07843137254902,0.4237012987012987,5.000853068500128,12.07843137254902,261,616,2.3198051948051948,4,6.998376623376624
5,105,https://insights.blackcoffer.com/impact-of-covid-19-pandemic-on-office-space-and-co-working-industries/,22,34,-0.21428571045918376,0.11914893591670439,-0.02553191489361702,12.368421052631579,0.28085106382978725,5.059708846584547,12.368421052631579,132,470,2.0425531914893615,7,6.272340425531915
6,106,https://insights.blackcoffer.com/contribution-of-handicrafts-visual-arts-literature-in-the-indian-economy/,0,0,0.0,0.0,0.0,21.75,0.367816091954023,8.84712643678161,21.75,32,87,2.2988505747126435,0,6.528735632183908
7,107,https://insights.blackcoffer.com/how-covid-19-is-impacting-payment-preferences/,11,3,0.5714285306122479,0.04810996547041249,0.027491408934707903,10.03448275862069,0.3642611683848797,4.159497570802229,10.03448275862069,106,291,2.178694158075601,4,5.896907216494846
8,108,https://insights.blackcoffer.com/how-will-covid-19-affect-the-world-of-work-2/,28,52,-0.29999999625000007,0.1619433195102362,-0.048582995951417005,15.4375,0.3623481781376518,6.319939271255061,15.4375,179,494,2.1923076923076925,3,6.805668016194332
9,109,https://insights.blackcoffer.com/lessons-from-the-past-some-key-learnings-relevant-to-the-coronavirus-crisis/,29,21,0.15999999680000007,0.17361111050829475,0.027777777777777776,9.6,0.2013888888888889,3.9205555555555556,9.6,58,288,1.9305555555555556,42,5.618055555555555
10,110,https://insights.blackcoffer.com/covid-19-how-have-countries-been-responding/,6,38,-0.7272727107438021,0.07495741043448483,-0.054514480408858604,11.979591836734693,0.28109028960817717,4.904272850537148,11.979591836734693,165,587,2.03236797274276,0,6.494037478705281
11,111,https://insights.blackcoffer.com/coronavirus-impact-on-the-hospitality-industry-2/,13,31,-0.40909089979338864,0.08560311267392391,-0.03501945525291829,10.07843137254902,0.3521400778210117,4.172228580148013,10.07843137254902,181,514,2.2704280155642023,0,7.120622568093385
12,112,https://insights.blackcoffer.com/how-will-covid-19-affect-the-world-of-work-3/,26,47,-0.28767122893601055,0.12564543868219374,-0.03614457831325301,11.62,0.3614457831325301,4.792578313253012,11.62,210,581,2.2581755593803785,3,6.876075731497418
13,113,https://insights.blackcoffer.com/coronavirus-impact-on-the-hospitality-industry-3/,17,21,-0.10526315512465383,0.09382716026215517,-0.009876543209876543,11.911764705882353,0.3728395061728395,4.913841684822078,11.911764705882353,151,405,2.246913580246914,8,6.567901234567901
14,114,https://insights.blackcoffer.com/estimating-the-impact-of-covid-19-on-the-world-of-work/,42,46,-0.04545454493801654,0.10850801466275214,-0.004932182490752158,11.10958904109589,0.31689272503082616,4.570592706450687,11.10958904109589,257,811,2.103575832305795,4,6.300863131935881
15,115,https://insights.blackcoffer.com/covid-19-how-have-countries-been-responding-2/,17,38,-0.3818181748760332,0.06097560968849711,-0.02328159645232816,12.704225352112676,0.3093126385809313,5.205415196277443,12.704225352112676,279,902,2.049889135254989,3,6.235033259423504
16,116,https://insights.blackcoffer.com/how-will-covid-19-affect-the-world-of-work-4/,23,25,-0.041666665798611134,0.12499999967447917,-0.005208333333333333,16.0,0.23697916666666666,6.494791666666668,16.0,91,384,2.0520833333333335,46,5.6484375
17,117,https://insights.blackcoffer.com/lessons-from-the-past-some-key-learnings-relevant-to-the-coronavirus-crisis-2/,0,0,0.0,0.0,0.0,0.0,0.0,0.0,0.0,0,1,1.0,0,10.0
18,118,https://insights.blackcoffer.com/lessons-from-the-past-some-key-learnings-relevant-to-the-coronavirus-crisis-3/,32,53,-0.2470588206228374,0.1443123936429331,-0.035653650254668934,7.75,0.23769100169779286,3.1950764006791172,7.75,140,589,2.062818336162988,7,5.775891341256367
19,119,https://insights.blackcoffer.com/coronavirus-impact-on-the-hospitality-industry-4/,8,14,-0.27272726033057904,0.10891089054994608,-0.0297029702970297,10.631578947368421,0.38613861386138615,4.407087024491923,10.631578947368421,78,202,2.3366336633663365,1,6.896039603960396
20,120,https://insights.blackcoffer.com/why-scams-like-nirav-modi-happen-with-indian-banks/,0,0,0.0,0.0,0.0,0.0,0.0,0.0,0.0,0,1,1.0,0,10.0
21,121,https://insights.blackcoffer.com/impact-of-covid-19-on-the-global-economy/,33,61,-0.2978723372566773,0.14551083568806372,-0.043343653250773995,10.253968253968255,0.2801857585139319,4.213661604992875,10.253968253968255,181,646,2.0789473684210527,36,6.069659442724459
22,122,https://insights.blackcoffer.com/impact-of-covid-19coronavirus-on-the-indian-economy-2/,33,65,-0.326530608912953,0.10617551451118579,-0.03466955579631636,9.515463917525773,0.3196099674972914,3.934029554009226,9.515463917525773,295,923,2.04875406283857,12,6.234019501625135
23,123,https://insights.blackcoffer.com/impact-of-covid-19-on-the-global-economy-2/,37,83,-0.38333333013888893,0.12820512806815693,-0.049145299145299144,12.155844155844155,0.33760683760683763,4.997380397380398,12.155844155844155,316,936,2.1527777777777777,11,6.530982905982906
24,124,https://insights.blackcoffer.com/impact-of-covid-19-coronavirus-on-the-indian-economy-3/,20,41,-0.34426228943832315,0.1129629627537723,-0.03888888888888889,10.0,0.3333333333333333,4.133333333333334,10.0,180,540,2.1,9,6.187037037037037
25,125,https://insights.blackcoffer.com/should-celebrities-be-allowed-to-join-politics/,57,18,0.5199999930666668,0.07820646498622892,0.040667361835245046,15.721311475409836,0.3816475495307612,6.441183609976239,15.721311475409836,366,959,2.3034410844629822,2,6.867570385818561
26,126,https://insights.blackcoffer.com/how-prepared-is-india-to-tackle-a-possible-covid-19-outbreak/,15,23,-0.21052631024930765,0.0861678002581229,-0.018140589569160998,14.225806451612904,0.36507936507936506,5.836354326676908,14.225806451612904,161,441,2.1904761904761907,3,6.569160997732427
27,127,https://insights.blackcoffer.com/how-will-covid-19-affect-the-world-of-work/,35,84,-0.41176470242214536,0.16323731116154003,-0.06721536351165981,12.15,0.37997256515775035,5.011989026063101,12.15,277,729,2.234567901234568,7,6.595336076817558
28,128,https://insights.blackcoffer.com/controversy-as-a-marketing-strategy/,7,15,-0.36363634710743875,0.14864864764426589,-0.05405405405405406,10.571428571428571,0.3310810810810811,4.361003861003861,10.571428571428571,49,148,2.141891891891892,4,6.371621621621622
29,129,https://insights.blackcoffer.com/coronavirus-impact-on-the-hospitality-industry/,5,8,-0.23076921301775286,0.045138888732156636,-0.010416666666666666,12.0,0.3125,4.925000000000001,12.0,90,288,2.1354166666666665,1,6.413194444444445
30,130,https://insights.blackcoffer.com/coronavirus-impact-on-energy-markets/,23,60,-0.44578312715923946,0.07889733832804435,-0.03517110266159696,21.04,0.3574144486692015,8.55896577946768,21.04,376,1052,2.1454372623574143,3,6.171102661596958
31,131,https://insights.blackcoffer.com/what-are-the-key-policies-that-will-mitigate-the-impacts-of-covid-19-on-the-world-of-work/,83,30,0.469026544521889,0.11844863719240185,0.05555555555555555,13.43661971830986,0.40461215932914046,5.536492751055601,13.43661971830986,386,954,2.3343815513626835,0,6.836477987421383
32,132,https://insights.blackcoffer.com/marketing-drives-results-with-a-focus-on-problems/,24,20,0.09090908884297526,0.05843293484935865,0.005312084993359893,12.14516129032258,0.3798140770252324,5.009990146939125,12.14516129032258,286,753,2.2921646746347943,8,6.644090305444887
33,133,https://insights.blackcoffer.com/continued-demand-for-sustainability/,23,19,0.0952380929705216,0.10421836202427205,0.009925558312655087,15.5,0.41935483870967744,6.367741935483871,15.5,169,403,2.404466501240695,0,7.186104218362283
34,134,https://insights.blackcoffer.com/coronavirus-disease-covid-19-effect-the-impact-and-role-of-mass-media-during-the-pandemic/,7,10,-0.17647057785467188,0.08994708947117942,-0.015873015873015872,18.9,0.3386243386243386,7.695449735449735,18.9,64,189,2.306878306878307,4,6.809523809523809
35,135,https://insights.blackcoffer.com/should-people-wear-fabric-gloves-seeking-evidence-regarding-the-differential-transfer-of-covid-19-or-coronaviruses-generally-between-surfaces/,6,7,-0.07692307100591762,0.08783783724433894,-0.006756756756756757,9.866666666666667,0.21621621621621623,4.033153153153154,9.866666666666667,32,148,1.8986486486486487,7,5.702702702702703
36,136,https://insights.blackcoffer.com/why-is-there-a-severe-immunological-and-inflammatory-explosion-in-those-affected-by-sarms-covid-19/,0,14,-0.9999999285714337,0.07446808471027615,-0.07446808510638298,13.428571428571429,0.35106382978723405,5.511854103343466,13.428571428571429,66,188,2.3085106382978724,5,6.632978723404255
37,137,https://insights.blackcoffer.com/what-do-you-think-is-the-lesson-or-lessons-to-be-learned-with-covid-19/,4,7,-0.2727272479338866,0.08730158660871756,-0.023809523809523808,14.0,0.3333333333333333,5.733333333333334,14.0,42,126,2.134920634920635,3,5.968253968253968
38,138,https://insights.blackcoffer.com/coronavirus-the-unexpected-challenge-for-the-european-union/,5,11,-0.37499997656250145,0.13559321918988798,-0.05084745762711865,7.866666666666666,0.3305084745762712,3.278870056497175,7.866666666666666,39,118,2.093220338983051,8,6.898305084745763
39,139,https://insights.blackcoffer.com/industrial-revolution-4-0-pros-and-cons/,4,2,0.33333327777778704,0.0566037730509078,0.018867924528301886,8.153846153846153,0.3113207547169811,3.3860667634252537,8.153846153846153,33,106,2.0660377358490565,0,6.273584905660377
40,140,https://insights.blackcoffer.com/impact-of-covid-19-coronavirus-on-the-indian-economy/,0,0,0.0,0.0,0.0,0.0,0.0,0.0,0.0,0,1,1.0,0,10.0
41,141,https://insights.blackcoffer.com/impact-of-covid-19-coronavirus-on-the-indian-economy-2/,5,20,-0.599999976000001,0.10964912232610034,-0.06578947368421052,14.25,0.3157894736842105,5.826315789473685,14.25,72,228,2.0833333333333335,3,6.162280701754386
42,142,https://insights.blackcoffer.com/impact-of-covid-19coronavirus-on-the-indian-economy/,0,0,0.0,0.0,0.0,0.0,0.0,0.0,0.0,0,1,1.0,0,10.0
43,143,https://insights.blackcoffer.com/impact-of-covid-19-coronavirus-on-the-global-economy/,5,25,-0.6666666444444451,0.09316770157401336,-0.062111801242236024,10.0625,0.3198757763975155,4.152950310559006,10.0625,103,322,2.1490683229813663,2,6.6521739130434785
44,144,https://insights.blackcoffer.com/ensuring-growth-through-insurance-technology/,0,0,0.0,0.0,0.0,0.0,0.0,0.0,0.0,0,1,1.0,0,10.0
45,145,https://insights.blackcoffer.com/blockchain-in-fintech/,11,11,0.0,0.06094182808603372,0.0,10.93939393939394,0.3656509695290859,4.52201796356921,10.93939393939394,132,361,2.2770083102493075,2,7.141274238227147
46,146,https://insights.blackcoffer.com/blockchain-for-payments/,22,27,-0.10204081424406503,0.09999999979591837,-0.01020408163265306,9.245283018867925,0.4204081632653061,3.866276472853292,9.245283018867925,206,490,2.3387755102040817,9,7.16530612244898
47,147,https://insights.blackcoffer.com/the-future-of-investing/,36,11,0.5319148822996834,0.07436708848992549,0.03955696202531646,11.924528301886792,0.39556962025316456,4.928039168855983,11.924528301886792,250,632,2.300632911392405,2,6.677215189873418
48,148,https://insights.blackcoffer.com/big-data-analytics-in-healthcare/,26,44,-0.2571428534693878,0.10802469119131992,-0.027777777777777776,9.0,0.404320987654321,3.761728395061729,9.0,262,648,2.2978395061728394,2,6.58641975308642
49,149,https://insights.blackcoffer.com/business-analytics-in-the-healthcare-industry/,28,3,0.8064515868886585,0.10197368387508657,0.08223684210526316,12.16,0.5230263157894737,5.0732105263157905,12.16,159,304,2.5460526315789473,0,7.509868421052632
50,150,https://insights.blackcoffer.com/challenges-and-opportunities-of-big-data-in-healthcare/,32,39,-0.0985915479071613,0.13099630972140902,-0.012915129151291513,8.46875,0.39114391143911437,3.5439575645756456,8.46875,212,542,2.3173431734317345,8,6.819188191881919
51,37,https://insights.blackcoffer.com/ai-in-healthcare-to-improve-patient-outcomes/,63,33,0.31249999674479173,0.0908230841146423,0.02838221381267739,13.907894736842104,0.4645222327341533,5.748966787830503,13.907894736842104,491,1057,2.4304635761589406,1,7.337748344370861
52,38,https://insights.blackcoffer.com/what-if-the-creation-is-taking-over-the-creator/,56,38,0.19148935966500683,0.13864306764211937,0.02654867256637168,9.826086956521738,0.29793510324483774,4.04960882390663,9.826086956521738,202,678,2.1150442477876106,7,6.426253687315635
53,39,https://insights.blackcoffer.com/what-jobs-will-robots-take-from-humans-in-the-future/,65,35,0.299999997,0.10718113600516492,0.03215434083601286,11.107142857142858,0.42765273311897106,4.613918236104732,11.107142857142858,399,933,2.3965702036441585,3,7.187566988210075
54,40,https://insights.blackcoffer.com/will-machine-replace-the-human-in-the-future-of-work/,56,24,0.39999999500000005,0.10709504671071614,0.0428380187416332,9.109756097560975,0.34805890227576974,3.7831259999346987,9.109756097560975,260,747,2.2423025435073627,17,6.504685408299866
55,41,https://insights.blackcoffer.com/will-ai-replace-us-or-work-with-us/,48,22,0.37142856612244907,0.07658643317660127,0.028446389496717725,11.425,0.3774617067833698,4.720984682713349,11.425,345,914,2.25164113785558,16,6.553610503282275
56,42,https://insights.blackcoffer.com/man-and-machines-together-machines-are-more-diligent-than-humans-blackcoffe/,42,23,0.292307687810651,0.1043338682113421,0.030497592295345103,11.537037037037036,0.38202247191011235,4.76762380357886,11.537037037037036,238,623,2.260032102728732,21,6.590690208667737
57,43,https://insights.blackcoffer.com/in-future-or-in-upcoming-years-humans-and-machines-are-going-to-work-together-in-every-field-of-work/,25,12,0.35135134185536915,0.09487179462853386,0.03333333333333333,8.666666666666666,0.382051282051282,3.6194871794871797,8.666666666666666,149,390,2.217948717948718,7,6.5487179487179485
58,44,https://insights.blackcoffer.com/how-neural-networks-can-be-applied-in-various-areas-in-the-future/,0,0,0.0,0.0,0.0,0.0,0.0,0.0,0.0,0,1,1.0,0,10.0
59,45,https://insights.blackcoffer.com/how-machine-learning-will-affect-your-business/,37,13,0.47999999040000024,0.1329787230505885,0.06382978723404255,10.742857142857142,0.35106382978723405,4.437568389057751,10.742857142857142,132,376,2.172872340425532,2,6.082446808510638
60,46,https://insights.blackcoffer.com/deep-learning-impact-on-areas-of-e-learning/,64,40,0.23076922855029589,0.09728718419337026,0.02245088868101029,12.576470588235294,0.3863423760523854,5.185125185715072,12.576470588235294,413,1069,2.27689429373246,11,6.608044901777362
61,47,https://insights.blackcoffer.com/how-to-protect-future-data-and-its-privacy-blackcoffer/,44,60,-0.15384615236686391,0.09541284394916252,-0.014678899082568808,11.01010101010101,0.3669724770642202,4.550829394866092,11.01010101010101,400,1090,2.1550458715596332,1,6.174311926605505
62,48,https://insights.blackcoffer.com/how-machines-ai-automations-and-robo-human-are-effective-in-finance-and-banking/,35,19,0.29629629080932796,0.08398133734995127,0.024883359253499222,11.907407407407407,0.48055987558320373,4.955186913196244,11.907407407407407,309,643,2.5132192846034216,10,7.203732503888025
63,49,https://insights.blackcoffer.com/ai-human-robotics-machine-future-planet-blackcoffer-thinking-jobs-workplace/,27,24,0.05882352825836219,0.07359307348687869,0.004329004329004329,9.625,0.35064935064935066,3.99025974025974,9.625,243,693,2.1717171717171717,6,6.235209235209235
64,50,https://insights.blackcoffer.com/how-ai-will-change-the-world-blackcoffer/,63,24,0.44827585691636945,0.11983471057874007,0.05371900826446281,9.68,0.38980716253443526,4.027922865013774,9.68,283,726,2.337465564738292,32,6.827823691460055
65,51,https://insights.blackcoffer.com/future-of-work-how-ai-has-entered-the-workplace/,59,22,0.45679011781740597,0.1012499998734375,0.04625,10.0,0.385,4.154,10.0,308,800,2.2975,11,6.725
66,52,https://insights.blackcoffer.com/ai-tool-alexa-google-assistant-finance-banking-tool-future/,26,0,0.9999999615384629,0.09558823494269031,0.09558823529411764,12.952380952380953,0.49264705882352944,5.378011204481793,12.952380952380953,134,272,2.5294117647058822,0,7.477941176470588
67,53,https://insights.blackcoffer.com/ai-healthcare-revolution-ml-technology-algorithm-google-analytics-industrialrevolution/,79,39,0.33898304797471995,0.15546772048027968,0.052700922266139656,108.42857142857143,0.39789196310935443,43.53058535667232,108.42857142857143,302,759,2.3794466403162056,15,6.732542819499341
68,54,https://insights.blackcoffer.com/all-you-need-to-know-about-online-marketing/,20,0,0.9999999500000024,0.049751243657335215,0.04975124378109453,9.136363636363637,0.4154228855721393,3.8207146087743107,9.136363636363637,167,402,2.2960199004975124,0,6.6840796019900495
69,55,https://insights.blackcoffer.com/evolution-of-advertising-industry/,14,6,0.399999980000001,0.051413881615902615,0.02056555269922879,9.725,0.4730077120822622,4.079203084832905,9.725,184,389,2.493573264781491,1,7.380462724935732
70,56,https://insights.blackcoffer.com/how-data-analytics-can-help-your-business-respond-to-the-impact-of-covid-19/,0,3,-0.9999996666667778,0.03571428528911565,-0.03571428571428571,14.0,0.2857142857142857,5.714285714285715,14.0,24,84,2.0357142857142856,2,6.916666666666667
71,57,https://insights.blackcoffer.com/covid-19-environmental-impact-for-the-future/,0,0,0.0,0.0,0.0,0.0,0.0,0.0,0.0,0,1,1.0,0,10.0
72,58,https://insights.blackcoffer.com/environmental-impact-of-the-covid-19-pandemic-lesson-for-the-future/,24,67,-0.472527467334863,0.12397820146596976,-0.05858310626702997,12.87719298245614,0.3528610354223433,5.292021607151394,12.87719298245614,259,734,2.162125340599455,2,6.746594005449591
73,59,https://insights.blackcoffer.com/how-data-analytics-and-ai-are-used-to-halt-the-covid-19-pandemic/,17,15,0.06249999804687507,0.09065155781685111,0.0056657223796034,11.387096774193548,0.37677053824362605,4.70554692497487,11.387096774193548,133,353,2.271954674220963,4,6.796033994334278
74,60,https://insights.blackcoffer.com/difference-between-artificial-intelligence-machine-learning-statistics-and-data-mining/,57,38,0.19999999789473688,0.10359869127197525,0.020719738276990186,10.188888888888888,0.34133042529989094,4.212087725675512,10.188888888888888,313,917,2.2737186477644493,10,6.491821155943294
75,61,https://insights.blackcoffer.com/how-python-became-the-first-choice-for-data-science/,41,3,0.863636344008265,0.13017751440775882,0.11242603550295859,7.8604651162790695,0.363905325443787,3.2897481766891428,7.8604651162790695,123,338,2.260355029585799,4,6.8698224852071
76,62,https://insights.blackcoffer.com/how-google-fit-measure-heart-and-respiratory-rates-using-a-phone/,3,1,0.49999987500003124,0.019607843041138023,0.00980392156862745,12.75,0.2647058823529412,5.2058823529411775,12.75,54,204,2.1862745098039214,0,6.264705882352941
77,63,https://insights.blackcoffer.com/what-is-the-future-of-mobile-apps/,19,9,0.35714284438775556,0.06451612888360339,0.02304147465437788,12.764705882352942,0.30184331797235026,5.226619680130117,12.764705882352942,131,434,2.1036866359447006,4,6.050691244239632
78,64,https://insights.blackcoffer.com/impact-of-ai-in-health-and-medicine/,13,8,0.23809522675737013,0.07806691420792969,0.01858736059479554,13.45,0.46096654275092935,5.5643866171003715,13.45,124,269,2.4609665427509295,1,6.762081784386617
79,65,https://insights.blackcoffer.com/telemedicine-what-patients-like-and-dislike-about-it/,15,8,0.3043478128544429,0.13142857067755104,0.04,6.481481481481482,0.42857142857142855,2.7640211640211643,6.481481481481482,75,175,2.48,0,7.16
80,66,https://insights.blackcoffer.com/how-we-forecast-future-technologies/,5,0,0.99999980000004,0.05555555493827161,0.05555555555555555,10.0,0.4444444444444444,4.177777777777778,10.0,40,90,2.522222222222222,1,7.033333333333333
81,67,https://insights.blackcoffer.com/can-robots-tackle-late-life-loneliness/,23,33,-0.17857142538265314,0.13965087246969857,-0.02493765586034913,7.425925925925926,0.2793017456359102,3.0820910686247345,7.425925925925926,112,401,2.1022443890274314,19,5.962593516209476
82,68,https://insights.blackcoffer.com/embedding-care-robots-into-society-socio-technical-considerations/,9,2,0.636363578512402,0.12941176318339104,0.08235294117647059,9.444444444444445,0.3058823529411765,3.900130718954249,9.444444444444445,26,85,2.0823529411764707,1,6.117647058823529
83,69,https://insights.blackcoffer.com/management-challenges-for-future-digitalization-of-healthcare-services/,32,11,0.48837208166576557,0.1111111108240023,0.05426356589147287,9.923076923076923,0.5038759689922481,4.170781156827668,9.923076923076923,195,387,2.516795865633075,0,7.260981912144703
84,70,https://insights.blackcoffer.com/are-we-any-closer-to-preventing-a-nuclear-holocaust/,1,6,-0.7142856122449125,0.09999999857142859,-0.07142857142857142,10.0,0.18571428571428572,4.074285714285714,10.0,13,70,1.8428571428571427,3,5.957142857142857
85,71,https://insights.blackcoffer.com/will-technology-eliminate-the-need-for-animal-testing-in-drug-development/,9,25,-0.47058822145328766,0.21249999867187502,-0.1,8.421052631578947,0.3375,3.503421052631579,8.421052631578947,54,160,2.2625,6,6.33125
86,72,https://insights.blackcoffer.com/will-we-ever-understand-the-nature-of-consciousness/,26,48,-0.29729729327976634,0.0799136068251473,-0.023758099352051837,12.684931506849315,0.44168466522678185,5.250646468830439,12.684931506849315,409,926,2.413606911447084,15,7.154427645788337
87,73,https://insights.blackcoffer.com/will-we-ever-colonize-outer-space/,42,22,0.31249999511718757,0.07891491975472884,0.02466091245376079,11.585714285714285,0.2971639950678175,4.753151312312841,11.585714285714285,241,811,2.1713933415536375,19,6.384710234278669
88,74,https://insights.blackcoffer.com/what-is-the-chance-homo-sapiens-will-survive-for-the-next-500-years/,34,25,0.15254237029589204,0.07632600248858215,0.01164294954721863,11.367647058823529,0.2846054333764554,4.660900996879994,11.367647058823529,220,773,2.071151358344114,18,6.191461836998706
89,75,https://insights.blackcoffer.com/why-does-your-business-need-a-chatbot/,24,7,0.5483870790842877,0.0792838872652586,0.043478260869565216,5.924242424242424,0.3171355498721228,2.496551189645819,5.924242424242424,124,391,2.2020460358056266,1,6.117647058823529
90,76,https://insights.blackcoffer.com/how-you-lead-a-project-or-a-team-without-any-technical-expertise/,40,8,0.6666666527777781,0.0780487803608963,0.05203252032520325,10.789473684210526,0.32682926829268294,4.446521181001283,10.789473684210526,201,615,2.089430894308943,5,6.183739837398374
91,77,https://insights.blackcoffer.com/can-you-be-great-leader-without-technical-expertise/,29,6,0.6571428383673475,0.174999999125,0.115,12.5,0.355,5.142,12.5,71,200,2.2,8,6.37
92,78,https://insights.blackcoffer.com/how-does-artificial-intelligence-affect-the-environment/,41,15,0.4642857059948981,0.06542056067123767,0.030373831775700934,12.776119402985074,0.39135514018691586,5.266989817268796,12.776119402985074,335,856,2.3317757009345796,8,6.845794392523365
93,79,https://insights.blackcoffer.com/how-to-overcome-your-fear-of-making-mistakes-2/,23,68,-0.49450548907136826,0.18571428533527698,-0.09183673469387756,7.101449275362318,0.2693877551020408,2.9483348121857436,7.101449275362318,132,490,1.9836734693877551,13,6.026530612244898
94,80,https://insights.blackcoffer.com/is-perfection-the-greatest-enemy-of-productivity/,54,22,0.42105262603878124,0.1410018550259706,0.059369202226345084,7.486111111111111,0.2820037105751391,3.1072459286745,7.486111111111111,152,539,2.012987012987013,5,5.77365491651206
95,81,https://insights.blackcoffer.com/global-financial-crisis-2008-causes-effects-and-its-solution/,17,26,-0.20930232071389954,0.07706093176153955,-0.016129032258064516,12.130434782608695,0.23297491039426524,4.945363877201185,12.130434782608695,130,558,1.9480286738351253,2,5.980286738351254
96,82,https://insights.blackcoffer.com/gender-diversity-and-equality-in-the-tech-industry/,22,22,0.0,0.07333333321111112,0.0,8.955223880597014,0.365,3.728089552238806,8.955223880597014,219,600,2.2466666666666666,9,6.716666666666667
97,83,https://insights.blackcoffer.com/how-to-overcome-your-fear-of-making-mistakes/,22,72,-0.5319148879583523,0.18650793613788108,-0.0992063492063492,7.753846153846154,0.2857142857142857,3.215824175824176,7.753846153846154,144,504,2.007936507936508,15,6.075396825396825
98,84,https://insights.blackcoffer.com/how-small-business-can-survive-the-coronavirus-crisis/,0,0,0.0,0.0,0.0,0.0,0.0,0.0,0.0,0,1,1.0,0,10.0
99,85,https://insights.blackcoffer.com/impacts-of-covid-19-on-vegetable-vendors-and-food-stalls/,8,6,0.14285713265306196,0.09655172347205708,0.013793103448275862,14.5,0.4896551724137931,5.9958620689655175,14.5,71,145,2.5172413793103448,0,6.63448275862069
100,86,https://insights.blackcoffer.com/impacts-of-covid-19-on-vegetable-vendors/,24,18,0.1428571394557824,0.10370370344764518,0.014814814814814815,17.608695652173914,0.40987654320987654,7.207428878153516,17.608695652173914,166,405,2.3777777777777778,0,6.938271604938271
101,87,https://insights.blackcoffer.com/impact-of-covid-19-pandemic-on-tourism-aviation-industries/,0,0,0.0,0.0,0.0,0.0,0.0,0.0,0.0,0,1,1.0,0,10.0
102,88,https://insights.blackcoffer.com/impact-of-covid-19-pandemic-on-sports-events-around-the-world/,20,178,-0.7979797939495971,0.08195364235018475,-0.06539735099337748,9.781376518218623,0.17880794701986755,3.9840737860953968,9.781376518218623,432,2416,1.7040562913907285,0,5.474751655629139
103,89,https://insights.blackcoffer.com/changing-landscape-and-emerging-trends-in-the-indian-it-ites-industry/,36,46,-0.12195121802498515,0.09297052143654136,-0.011337868480725623,10.75609756097561,0.36167800453514737,4.447110226204303,10.75609756097561,319,882,2.1859410430839,10,6.625850340136054
104,90,https://insights.blackcoffer.com/online-gaming-adolescent-online-gaming-effects-demotivated-depression-musculoskeletal-and-psychosomatic-symptoms/,28,61,-0.370786512687792,0.10409356712971513,-0.03859649122807018,14.01639344262295,0.3824561403508772,5.759539833189532,14.01639344262295,327,855,2.263157894736842,0,6.962573099415205
105,91,https://insights.blackcoffer.com/human-rights-outlook/,3,1,0.49999987500003124,0.06153846059171599,0.03076923076923077,10.833333333333334,0.3384615384615385,4.468717948717949,10.833333333333334,22,65,2.076923076923077,2,5.969230769230769
106,92,https://insights.blackcoffer.com/how-voice-search-makes-your-business-a-successful-business/,28,4,0.7499999765625008,0.07305936056379142,0.0547945205479452,12.166666666666666,0.317351598173516,4.993607305936074,12.166666666666666,139,438,2.1164383561643834,2,5.988584474885845
107,93,https://insights.blackcoffer.com/how-the-covid-19-crisis-is-redefining-jobs-and-services/,35,33,0.02941176427335641,0.08252427174450938,0.0024271844660194173,7.042735042735043,0.37014563106796117,2.9651522695212016,7.042735042735043,305,824,2.224514563106796,6,6.677184466019417
108,94,https://insights.blackcoffer.com/how-to-increase-social-media-engagement-for-marketers/,44,14,0.5172413703923902,0.06290672444370203,0.03253796095444685,10.847058823529412,0.3557483731019523,4.481122878652546,10.847058823529412,328,922,2.1973969631236443,5,6.237527114967462
109,95,https://insights.blackcoffer.com/impacts-of-covid-19-on-streets-sides-food-stalls/,28,30,-0.03448275802615935,0.10603290657032376,-0.003656307129798903,11.891304347826088,0.3711151736745887,4.904967808600271,11.891304347826088,203,547,2.212065813528336,3,6.616087751371115
110,96,https://insights.blackcoffer.com/coronavirus-impact-on-energy-markets-2/,0,0,0.0,0.0,0.0,0.0,0.0,0.0,0.0,0,1,1.0,0,10.0
111,97,https://insights.blackcoffer.com/coronavirus-impact-on-the-hospitality-industry-5/,16,42,-0.4482758543400715,0.11507936485103301,-0.051587301587301584,10.5,0.3611111111111111,4.344444444444444,10.5,182,504,2.255952380952381,5,6.688492063492063
112,98,https://insights.blackcoffer.com/lessons-from-the-past-some-key-learnings-relevant-to-the-coronavirus-crisis-4/,35,44,-0.11392404919083482,0.13932980575074108,-0.015873015873015872,7.985915492957746,0.3262786596119929,3.3248776610278963,7.985915492957746,185,567,2.197530864197531,37,6.590828924162257
113,99,https://insights.blackcoffer.com/estimating-the-impact-of-covid-19-on-the-world-of-work-2/,21,26,-0.10638297645993668,0.08969465631737661,-0.009541984732824428,14.555555555555555,0.3683206106870229,5.969550466497032,14.555555555555555,193,524,2.301526717557252,12,6.791984732824427
